{
  "Total" : {
    "transaction" : "Total",
    "sampleCount" : 50,
    "errorCount" : 0,
    "errorPct" : 0.0,
    "meanResTime" : 219.60000000000002,
    "medianResTime" : 133.0,
    "minResTime" : 131.0,
    "maxResTime" : 858.0,
    "pct1ResTime" : 526.9,
    "pct2ResTime" : 539.5999999999999,
    "pct3ResTime" : 858.0,
    "throughput" : 9.025270758122744,
    "receivedKBytesPerSec" : 47.404529557761734,
    "sentKBytesPerSec" : 1.128158844765343
  },
  "HTTP Request" : {
    "transaction" : "HTTP Request",
    "sampleCount" : 50,
    "errorCount" : 0,
    "errorPct" : 0.0,
    "meanResTime" : 219.60000000000002,
    "medianResTime" : 133.0,
    "minResTime" : 131.0,
    "maxResTime" : 858.0,
    "pct1ResTime" : 526.9,
    "pct2ResTime" : 539.5999999999999,
    "pct3ResTime" : 858.0,
    "throughput" : 9.025270758122744,
    "receivedKBytesPerSec" : 47.404529557761734,
    "sentKBytesPerSec" : 1.128158844765343
  }
}